Week,Product,Sales,Promotion,Holiday
29,Product_1,368.94775856053457,1,0
30,Product_1,307.6553794412434,0,1
