Week,Product,Sales,Promotion,Holiday
29,Product_1,359.72122221395773,1,0
30,Product_1,282.6229032976646,0,1
