Week,Product,Sales,Promotion,Holiday
29,Product_1,184.4174456788278,1,0
30,Product_1,272.7859431500583,0,1
